"id","name","handle","birthyear","party"
"1","Sanae Abdi","_sanaeabdi","1986","SPD"
"2","Valentin Abel","Valentin_C_Abel","1991","FDP"
"3","Knut Abraham","Knut_Abraham","1966","CDU/CSU (CDU)"
"4","Katja Adler","katjadler","1974","FDP"
"5","Stephanie Aeffner","s_aeffner","1976","Grüne"
"6","Adis Ahmetovic","Angefragt","1993","SPD"
"7","Gökay Akbulut","AkbulutGokay","1982","Linke"
"8","Reem Alabali-Radovan","ReemAlabali","1990","SPD"
"9","Stephan Albani","Angefragt","1968","CDU/CSU (CDU)"
"10","Ali Al-Dailami","ali_aldailami","1981","Linke"
"11","Muhanad Al-Halak","HalakMuhanad","1989","FDP"
"12","Renata Alt","RenataAlt_MdB","1965","FDP"
"13","Norbert Altenkamp","NAltenkamp","1972","CDU/CSU (CDU)"
"14","Philipp Amthor","Philipp_Amthor","1992","CDU/CSU (CDU)"
"15","Luise Amtsberg","Angefragt","1984","Grüne"
"16","Dagmar Andres","DagmarAndres","1969","SPD"
"17","Niels Annen","NielsAnnen","1973","SPD"
"18","Johannes Arlt","arlt_johannes","1984","SPD"
"19","Christine Aschenberg-Dugnus","cad59","1959","FDP"
"20","Andreas Audretsch","AnAudretsch","1984","Grüne"
"21","Artur Auernhammer","Angefragt","1963","CDU/CSU (CSU)"
"22","Peter Aumer","PeterAumer","1976","CDU/CSU (CSU)"
"23","Maik Außendorf","maik_aussendorf","1971","Grüne"
"24","Tobias B. Bacherle","TBBacherle","1994","Grüne"
"25","Carolin Bachmann","Angefragt","1988","AfD"
"26","Lisa Badum","badulrichmartha","1983","Grüne"
"27","Heike Baehrens","Angefragt","1955","SPD"
"28","Dorothee Bär","DoroBaer","1978","CDU/CSU (CSU)"
"29","Karl Bär","karlbaer","1985","Grüne"
"30","Annalena Baerbock","ABaerbock","1980","Grüne"
"31","Ulrike Bahr","MdB_Ulrike_Bahr","1964","SPD"
"32","Daniel Baldy","baldy_daniel","1994","SPD"
"33","Felix Banaszak","fbanaszak","1989","Grüne"
"34","Nezahat Baradari","Angefragt","1965","SPD"
"35","Thomas Bareiß","Thomas_Bareiss","1975","CDU/CSU (CDU)"
"36","Sören Bartol","Angefragt","1974","SPD"
"37","Dietmar Bartsch","DietmarBartsch","1958","Linke"
"38","Bärbel Bas","baerbelbas","1968","SPD"
"39","Nicole Bauer","nicole_ae_bauer","1987","FDP"
"40","Christina Baum","DrChristinaBaum","1958","AfD"
"41","Bernd Baumann","BerndBaumannAfD","1958","AfD"
"42","Canan Bayram","LieblingXhain","1966","Grüne"
"43","Katharina Beck","kathabeck","1982","Grüne"
"44","Roger Beckamp","RogerBeckamp","1975","AfD"
"45","Holger Becker","Angefragt","1964","SPD"
"46","Jens Beeck","jensbeeck","1969","FDP"
"47","Olaf in der Beek","olafinderbeek","1967","FDP"
"48","Lukas Benner","LukasBenner_","1996","Grüne"
"49","Jürgen Berghahn","Angefragt","1960","SPD"
"50","André Berghegger","Angefragt","1972","CDU/CSU (CDU)"
"51","Bengt Bergt","bengtbergt","1982","SPD"
"52","Marc Bernhard","MarcBernhardAfD","1972","AfD"
"53","Peter Beyer","Peter_Beyer","1970","CDU/CSU (CDU)"
"54","Marc Biadacz","MBiadaczMdB","1979","CDU/CSU (CDU)"
"55","Steffen Bilger","SteffenBilger","1979","CDU/CSU (CDU)"
"56","Matthias W. Birkwald","MWBirkwald","1961","Linke"
"57","Jakob Blankenburg","JakobBla","1997","SPD"
"58","Andreas Bleck","andreasbleckmdb","1988","AfD"
"59","René Bochmann",,"1969","AfD"
"60","Ingo Bodtke","IngoBodtke","1965","FDP"
"61","Peter Boehringer","PeterBoehringer","1969","AfD"
"62","Friedhelm Boginski","f_boginski","1955","FDP"
"63","Gereon Bollmann",,"1953","AfD"
"64","Simone Borchardt",,"1967","CDU/CSU (CDU)"
"65","Michael Brand",,"1973","CDU/CSU (CDU)"
"66","Jens Brandenburg","JBrandenburgFDP","1986","FDP"
"67","Mario Brandenburg","BraFDP","1983","FDP"
"68","Dirk Brandes",,"1974","AfD"
"69","Reinhard Brandl","reinhardbrandl","1977","CDU/CSU (CSU)"
"70","Stephan Brandner","StBrandner","1966","AfD"
"71","Franziska Brantner","fbrantner","1979","Grüne"
"72","Helge Braun","HBraun","1972","CDU/CSU (CDU)"
"73","Jürgen Braun","JuergenBraunAfD","1961","AfD"
"74","Silvia Breher","BreherSilvia","1973","CDU/CSU (CDU)"
"75","Sebastian Brehm","Brehm_inNBGNord","1971","CDU/CSU (CSU)"
"76","Heike Brehmer","HeikeBrehmerMdB","1962","CDU/CSU (CDU)"
"77","Michael Breilmann","m_breilmann","1983","CDU/CSU (CDU)"
"78","Leni Breymaier","LeniBreymaier","1960","SPD"
"79","Ralph Brinkhaus","rbrinkhaus","1968","CDU/CSU (CDU)"
"80","Carsten Brodesser",,"1967","CDU/CSU (CDU)"
"81","Marlon Bröhr",,"1974","CDU/CSU (CDU)"
"82","Agnieszka Brugger","agnieszka_mdb","1985","Grüne"
"83","Frank Bsirske","FBsirske","1952","Grüne"
"84","Sandra Bubendorfer-Licht","Bubendorferfdp","1969","FDP"
"85","Katrin Budde",,"1965","SPD"
"86","Marcus Bühl","Marcus_Buehl","1977","AfD"
"87","Clara Bünger","C_AB_","1986","Linke"
"88","Yannick Bury","YannickBury","1990","CDU/CSU (CDU)"
"89","Marco Buschmann","MarcoBuschmann","1977","FDP"
"90","Karlheinz Busen","busen_mdb","1951","FDP"
"91","Petr Bystron","PetrBystronAfD","1972","AfD"
"92","Isabel Cademartori","isacademartori","1988","SPD"
"93","Lars Castellucci","larscastellucci","1974","SPD"
"94","Anna Christmann","annachristmann","1983","Grüne"
"95","Tino Chrupalla","Tino_Chrupalla","1975","AfD"
"96","Gitta Connemann","gitta_connemann","1964","CDU/CSU (CDU)"
"97","Jürgen Coße","juergencosse","1969","SPD"
"98","Joana Cotar","JoanaCotar","1973","AfD"
"99","Carl-Julius Cronenberg","cjcronenberg","1962","FDP"
"100","Gottfried Curio","GottfriedCurio","1960","AfD"
"101","Mario Czaja","MarioCzaja","1975","CDU/CSU (CDU)"
"102","Sevim Dağdelen","SevimDagdelen","1975","Linke"
"103","Janosch Dahmen","janoschdahmen","1981","Grüne"
"104","Bernhard Daldrup","BernhardDaldrup","1956","SPD"
"105","Astrid Damerow",,"1958","CDU/CSU (CDU)"
"106","Ekin Deligöz","ekindeligoez","1971","Grüne"
"107","Hakan Demir","HakanDemirNK","1984","SPD"
"108","Sandra Detzer","detzer_sandra","1980","Grüne"
"109","Karamba Diaby","KarambaDiaby","1961","SPD"
"110","Martin Diedenhofen","MDiedenhofen","1995","SPD"
"111","Jan Dieren","JanUlrichDieren","1991","SPD"
"112","Thomas Dietz","ThomasDietz_MdB","1967","AfD"
"113","Esther Dilcher",,"1965","SPD"
"114","Sabine Dittmar","dittmarsabine","1964","SPD"
"115","Bijan Djir-Sarai","DjirSarai","1976","FDP"
"116","Alexander Dobrindt",,"1970","CDU/CSU (CSU)"
"117","Felix Döring",,"1991","SPD"
"118","Anke Domscheit-Berg","anked","1968","Linke"
"119","Michael Donth",,"1967","CDU/CSU (CDU)"
"120","Katharina Dröge","katdro","1984","Grüne"
"121","Falko Droßmann",,"1973","SPD"
"122","Deborah Düring","DeborahDuering","1994","Grüne"
"123","Christian Dürr","christianduerr","1977","FDP"
"124","Hansjörg Durz","Hansjoerg_Durz","1971","CDU/CSU (CSU)"
"125","Harald Ebner","ebner_sha","1964","Grüne"
"126","Axel Echeverria",,"1980","SPD"
"127","Leon Eckert","Leckert_","1995","Grüne"
"128","Ralph Edelhäußer","edelhaeusser","1973","CDU/CSU (CSU)"
"129","Thomas Ehrhorn","Thomas_Ehrhorn","1959","AfD"
"130","Sonja Eichwede","sonjaeichwede","1987","SPD"
"131","Marcel Emmerich","herr_emmerich","1991","Grüne"
"132","Alexander Engelhard",,"1972","CDU/CSU (CSU)"
"133","Heike Engelhardt",,"1961","SPD"
"134","Martina Englhardt-Kopf","EnglhardtKopf","1981","CDU/CSU (CSU)"
"135","Thomas Erndl","TErndl","1974","CDU/CSU (CSU)"
"136","Klaus Ernst","ernst_klaus","1954","Linke"
"137","Wiebke Esdar","wiebkeesdar1","1984","SPD"
"138","Saskia Esken","EskenSaskia","1961","SPD"
"139","Michael Espendiller","DrMEspendiller","1989","AfD"
"140","Marcus Faber","MarcusFaber","1984","FDP"
"141","Hermann Färber",,"1963","CDU/CSU (CDU)"
"142","Ariane Fäscher","ArianeFaescher","1968","SPD"
"143","Daniela De Ridder","danieladeridder","1962","SPD"
"144","Robert Farle","robert_farle","1950","AfD"
"145","Johannes Fechner","FechnerJohannes","1972","SPD"
"146","Uwe Feiler","UweFe","1965","CDU/CSU (CDU)"
"147","Peter Felser","PeterFelser","1969","AfD"
"148","Enak Ferlemann",,"1963","CDU/CSU (CDU)"
"149","Susanne Ferschl","SusanneFerschl","1973","Linke"
"150","Emilia Fester","emiliafester","1998","Grüne"
"151","Sebastian Fiedler","fiedelseb","1973","SPD"
"152","Daniel Föst","DFoest","1976","FDP"
"153","Edgar Franke","FrankeEdgar","1960","SPD"
"154","Thorsten Frei","thorsten_frei","1973","CDU/CSU (CDU)"
"155","Otto Fricke","Otto_Fricke","1965","FDP"
"156","Dietmar Friedhoff",,"1966","AfD"
"157","Hans-Peter Friedrich","HPFriedrichCSU","1957","CDU/CSU (CSU)"
"158","Michael Frieser","MichaelFrieser","1964","CDU/CSU (CSU)"
"159","Markus Frohnmaier","Frohnmaier_AfD","1991","AfD"
"160","Götz Frömming","GtzFrmming","1968","AfD"
"161","Maximilian Funke-Kaiser","max_fksr","1993","FDP"
"162","Fabian Funke","funke_fabian","1997","SPD"
"163","Ingo Gädechens","gadechens","1960","CDU/CSU (CDU)"
"164","Schahina Gambir","schahinag","1991","Grüne"
"165","Tessa Ganserer","GansGruen","1977","Grüne"
"166","Martin Gassner-Herz","MartinGassner","1985","FDP"
"167","Matthias Gastel","MatthiasGastel","1970","Grüne"
"168","Alexander Gauland","AG_AfD","1941","AfD"
"169","Manuel Gava",,"1991","SPD"
"170","Thomas Gebhart","thomasgebhart","1971","CDU/CSU (CDU)"
"171","Kai Gehring","KaiGehring","1977","Grüne"
"172","Jonas Geissler",,"1984","CDU/CSU (CSU)"
"173","Stefan Gelbhaar","StefanGelbhaar","1976","Grüne"
"174","Michael Gerdes","GerdesMdB","1960","SPD"
"175","Knut Gerschau",,"1961","FDP"
"176","Martin Gerster",,"1971","SPD"
"177","Jan-Niclas Gesenhues","JN_Gesenhues","1990","Grüne"
"178","Albrecht Glaser",,"1942","AfD"
"179","Angelika Glöckner","A_Gloeckner","1962","SPD"
"180","Hannes Gnauck","Hannes_Gnauck","1991","AfD"
"181","Nicole Gohlke","NicoleGohlke","1975","Linke"
"182","Katrin Göring-Eckardt","GoeringEckardt","1966","Grüne"
"183","Christian Görke","goerke_c","1962","Linke"
"184","Kay Gottschalk","KayGottschalk1","1965","AfD"
"185","Fabian Gramling","FabianGramling","1987","CDU/CSU (CDU)"
"186","Ingeborg Gräßle","inge_graessle","1961","CDU/CSU (CDU)"
"187","Armin Grau","ArminGrau","1959","Grüne"
"188","Timon Gremmels","Timon_Gremmels","1976","SPD"
"189","Kerstin Griese","KerstinGriese","1966","SPD"
"190","Hermann Gröhe","groehe","1961","CDU/CSU (CDU)"
"191","Michael Grosse-Brömer","MGrosseBroemer","1960","CDU/CSU (CDU)"
"192","Uli Grötsch","UliGroetsch","1975","SPD"
"193","Markus Grübel","GruebelMdb","1959","CDU/CSU (CDU)"
"194","Monika Grütters",,"1962","CDU/CSU (CDU)"
"195","Sabine Grützmacher","S_Gruetzmacher","1986","Grüne"
"196","Manfred Grund",,"1955","CDU/CSU (CDU)"
"197","Erhard Grundl","Erhard_Grundl","1963","Grüne"
"198","Oliver Grundmann",,"1971","CDU/CSU (CDU)"
"199","Serap Güler","SerapGueler","1980","CDU/CSU (CDU)"
"200","Fritz Güntzler","FGuentzler","1966","CDU/CSU (CDU)"
"201","Ates Gürpinar","AtesGuerpinar","1984","Linke"
"202","Olav Gutting","olavgutting","1970","CDU/CSU (CDU)"
"203","Gregor Gysi","GregorGysi","1948","Linke"
"204","Christian Haase","ChristianHaase6","1966","CDU/CSU (CDU)"
"205","Robert Habeck",,"1969","Grüne"
"206","Thomas Hacker","hacker_fdp","1967","FDP"
"207","Bettina Hagedorn",,"1955","SPD"
"208","Rita Hagl-Kehl","RitaHaglKehl","1970","SPD"
"209","André Hahn",,"1963","Linke"
"210","Florian Hahn","hahnflo","1974","CDU/CSU (CSU)"
"211","Metin Hakverdi","MetinHakverdi","1969","SPD"
"212","Reginald Hanke",,"1956","FDP"
"213","Mariana Harder-Kühnel","M_HarderKuehnel","1974","AfD"
"214","Jürgen Hardt","juergenhardt","1963","CDU/CSU (CDU)"
"215","Philipp Hartewig","philipphartewig","1994","FDP"
"216","Sebastian Hartmann","sebast_hartmann","1977","SPD"
"217","Ulrike Harzer","HarzerUlrike","1968","FDP"
"218","Britta Haßelmann","BriHasselmann","1961","Grüne"
"219","Matthias Hauer","MatthiasHauer","1977","CDU/CSU (CDU)"
"220","Jochen Haug","Jochen_Haug","1973","AfD"
"221","Stefan Heck","StHeck","1982","CDU/CSU (CDU)"
"222","Dirk Heidenblut",,"1961","SPD"
"223","Peter Heidt","PeterHeidtFDP","1965","FDP"
"224","Hubertus Heil","hubertus_heil","1972","SPD"
"225","Mechthild Heil","MechthildHeil","1961","CDU/CSU (CDU)"
"226","Frauke Heiligenstadt","FHeiligenstadt","1966","SPD"
"227","Thomas Heilmann","ThomasHeilmann","1964","CDU/CSU (CDU)"
"228","Gabriela Heinrich","GaHeinrich","1963","SPD"
"229","Linda Heitmann","linda_lobster","1982","Grüne"
"230","Matthias Helferich","MatthiasMdb","1988","fraktionslos (AfD)"
"231","Mark Helfrich",,"1978","CDU/CSU (CDU)"
"232","Katrin Helling-Plahr","KatrinHelling","1986","FDP"
"233","Wolfgang Hellmich","HellmichMdB","1958","SPD"
"234","Kathrin Henneberger","KathrinAnna","1987","Grüne"
"235","Anke Hennig",,"1964","SPD"
"236","Susanne Hennig-Wellsow","susannehennig","1977","Linke"
"237","Alexander Föhr",,"1980","CDU/CSU (CDU)"
"238","Marc Henrichmann","MarcHenrichmann","1976","CDU/CSU (CDU)"
"239","Markus Herbrand","HerbrandMarkus","1971","FDP"
"240","Torsten Herbst","torstenherbst","1973","FDP"
"241","Bernhard Herrmann","BHerrmann_","1966","Grüne"
"242","Nadine Heselhaus","NHeselhaus","1978","SPD"
"243","Martin Hess","Martin_Hess_AfD","1971","AfD"
"244","Katja Hessel","fdp_hessel","1972","FDP"
"245","Ansgar Heveling",,"1972","CDU/CSU (CDU)"
"246","Susanne Hierl","HierlSusanne","1973","CDU/CSU (CSU)"
"247","Karsten Hilse","HilseMdb","1964","AfD"
"248","Christian Hirte","ChristianHirte","1976","CDU/CSU (CDU)"
"249","Thomas Hitschler","ThomasHitschler","1982","SPD"
"250","Gero Hocker","GeroHocker","1975","FDP"
"251","Nicole Höchst","Nicole_Hoechst","1970","AfD"
"252","Manuel Höferlin","ManuelHoeferlin","1973","FDP"
"253","Bruno Hönel","Bruno_Hoenel","1996","Grüne"
"254","Alexander Hoffmann","Hoffmann_MdB","1975","CDU/CSU (CSU)"
"255","Bettina Hoffmann","bhoffmann_mdb","1960","Grüne"
"256","Christoph Hoffmann","HoffmannForest","1957","FDP"
"257","Anton Hofreiter","ToniHofreiter","1970","Grüne"
"258","Leif-Erik Holm","Leif_Erik_Holm","1970","AfD"
"259","Hendrik Hoppenstedt",,"1972","CDU/CSU (CDU)"
"260","Franziska Hoppermann","FHoppermann","1982","CDU/CSU (CDU)"
"261","Jasmina Hostert","JasminaHostert","1982","SPD"
"262","Reinhard Houben","HoubenReinhard","1960","FDP"
"263","Johannes Huber","HuberMdB","1987","fraktionslos (ehemals AfD)"
"264","Verena Hubertz","verenahubertz","1987","SPD"
"265","Markus Hümpfer",,"1992","SPD"
"266","Hubert Hüppe","HueppeMdB","1956","CDU/CSU (CDU)"
"267","Andrej Hunko","AndrejHunko","1963","Linke"
"268","Gerrit Huy","GerritHuy","1953","AfD"
"269","Erich Irlstorfer",,"1970","CDU/CSU (CSU)"
"270","Fabian Jacobi",,"1973","AfD"
"271","Dieter Janecek","DJanecek","1976","Grüne"
"272","Steffen Janich",,"1971","AfD"
"273","Anne Janssen",,"1982","CDU/CSU (CDU)"
"274","Thomas Jarzombek","tj_tweets","1973","CDU/CSU (CDU)"
"275","Gyde Jensen-Bornhöft","DABornhoeft","1989","FDP"
"276","Marc Jongen","Marc_Jongen","1968","AfD"
"277","Andreas Jung",,"1975","CDU/CSU (CDU)"
"278","Ingmar Jung","Ingmar_Jung","1978","CDU/CSU (CDU)"
"279","Frank Junge","jungeinberlin","1967","SPD"
"280","Josip Juratovic","josip_juratovic","1959","SPD"
"281","Ann-Veruschka Jurisch","avjurisch","1972","FDP"
"282","Oliver Kaczmarek","KaczmarekOliver","1970","SPD"
"283","Lamya Kaddor","LamyaKaddor","1978","Grüne"
"284","Elisabeth Kaiser","Kaiser_SPD","1987","SPD"
"285","Kirsten Kappert-Gonther","KirstenKappert","1966","Grüne"
"286","Macit Karaahmetoǧlu","Macit_SPD","1968","SPD"
"287","Anja Karliczek","AnjaKarliczek","1971","CDU/CSU (CDU)"
"288","Carlos Kasper","CarlosKasperMdB","1994","SPD"
"289","Anna Kassautzki","annakassautzki","1993","SPD"
"290","Gabriele Katzmarek","GabyKatzmarek","1960","SPD"
"291","Malte Kaufmann","MalteKaufmann","1976","AfD"
"292","Michael Kaufmann","KaufmannAfD","1964","AfD"
"293","Daniel Rinkert","DanielRinkert","1987","SPD"
"294","Michael Kellner","MiKellner","1977","Grüne"
"295","Ronja Kemmer","RonjaKemmer","1989","CDU/CSU (CDU)"
"296","Franziska Kersten","FKerstenMdB","1968","SPD"
"297","Katja Keul","KatjaKeul","1969","Grüne"
"298","Stefan Keuter","StefanKeuterAfD","1972","AfD"
"299","Misbah Khan","Bina_Khan_","1989","Grüne"
"300","Roderich Kiesewetter","RKiesewetter","1963","CDU/CSU (CDU)"
"301","Michael Kießling","Kiessling_MdB","1973","CDU/CSU (CSU)"
"302","Sven-Christian Kindler","sven_kindler","1985","Grüne"
"303","Georg Kippels",,"1959","CDU/CSU (CDU)"
"304","Cansel Kiziltepe","CanselK","1975","SPD"
"305","Helmut Kleebank","helmut_kleebank","1964","SPD"
"306","Karsten Klein","MdBKlein","1977","FDP"
"307","Ottilie Klein","Ottilie_Klein","1984","CDU/CSU (CDU)"
"308","Volkmar Klein","VolkmarKlein","1960","CDU/CSU (CDU)"
"309","Maria Klein-Schmeink","MariaKlSchmeink","1958","Grüne"
"310","Norbert Kleinwächter","NKleinwaechter","1986","AfD"
"311","Kristian Klinck",,"1979","SPD"
"312","Lars Klingbeil","larsklingbeil","1978","SPD"
"313","Julia Klöckner","JuliaKloeckner","1972","CDU/CSU (CDU)"
"314","Annika Klose","AnniKlose","1992","SPD"
"315","Daniela Kluckert","DanielaKluckert","1980","FDP"
"316","Tim Klüssendorf","timkluessendorf","1991","SPD"
"317","Axel Knoerig","axel_knoerig","1967","CDU/CSU (CDU)"
"318","Pascal Kober","PascalKober","1971","FDP"
"319","Jens Koeppen",,"1962","CDU/CSU (CDU)"
"320","Bärbel Kofler","BaerbelKofler","1967","SPD"
"321","Lukas Köhler","koehler_fdp","1986","FDP"
"322","Anne König","AnneKoenig_","1984","CDU/CSU (CDU)"
"323","Jörn König","JoernKoenigAfD","1967","AfD"
"324","Enrico Komning","EnricoKomning","1968","AfD"
"325","Carina Konrad","carina_konrad","1982","FDP"
"326","Markus Koob","KoobMar","1977","CDU/CSU (CDU)"
"327","Chantal Kopf","chantal_kopf","1995","Grüne"
"328","Carsten Körber","CarstenKoerber","1979","CDU/CSU (CDU)"
"329","Jan Korte","jankortemdb","1977","Linke"
"330","Simona Koß","SimonaMdB","1961","SPD"
"331","Steffen Kotré","SteffenKotre","1971","AfD"
"332","Philip Krämer","PhiKraemer","1992","Grüne"
"333","Laura Kraft","laura_kraft_","1990","Grüne"
"334","Rainer Kraft","Dr_Rainer_Kraft","1974","AfD"
"335","Anette Kramme","AnetteKramme","1967","SPD"
"336","Dunja Kreiser",,"1971","SPD"
"337","Gunther Krichbaum","GuntherKrichba3","1964","CDU/CSU (CDU)"
"338","Günter Krings","guenterkrings","1969","CDU/CSU (CDU)"
"339","Michael Sacher","sacher_mchl","1964","Grüne"
"340","Martin Kröber","MartinKroeber","1992","SPD"
"341","Michael Kruse","kruse_michael","1983","FDP"
"342","Tilman Kuban","TKuban96","1987","CDU/CSU (CDU)"
"343","Wolfgang Kubicki",,"1952","FDP"
"344","Christian Kühn","ChrisKuehn_mdb","1979","Grüne"
"345","Kevin Kühnert","KuehniKev","1989","SPD"
"346","Renate Künast","RenateKuenast","1955","Grüne"
"347","Konstantin Kuhle","KonstantinKuhle","1989","FDP"
"348","Markus Kurth","markuskurthmdb","1966","Grüne"
"349","Sarah Lahrkamp","SLahrkamp","1981","SPD"
"350","Alexander Graf Lambsdorff","Lambsdorff","1966","FDP"
"351","Ricarda Lang","Ricarda_Lang","1994","Grüne"
"352","Ulrich Lange","UlrichLange","1969","CDU/CSU (CSU)"
"353","Andreas Larem","andreaslarem","1964","SPD"
"354","Armin Laschet","ArminLaschet","1961","CDU/CSU (CDU)"
"355","Ina Latendorf",,"1971","Linke"
"356","Silke Launert","DrLaunert","1976","CDU/CSU (CSU)"
"357","Karl Lauterbach","Karl_Lauterbach","1963","SPD"
"358","Caren Lay","CarenLay","1972","Linke"
"359","Ulrich Lechte","ulrichlechte","1977","FDP"
"360","Jens Lehmann",,"1967","CDU/CSU (CDU)"
"361","Sven Lehmann","svenlehmann","1979","Grüne"
"362","Sylvia Lehmann","LehmannSpd","1954","SPD"
"363","Paul Lehrieder",,"1959","CDU/CSU (CSU)"
"364","Katja Leikert","KLeikert","1975","CDU/CSU (CDU)"
"365","Kevin Leiser","KLHohenlohe","1993","SPD"
"366","Steffi Lemke","SteffiLemke","1968","Grüne"
"367","Jürgen Lenders",,"1966","FDP"
"368","Barbara Lenk",,"1982","AfD"
"369","Ralph Lenkert","RLenkert","1967","Linke"
"370","Andreas Lenz","DerLenzMdB","1981","CDU/CSU (CSU)"
"371","Christian Leye","christian_leye","1981","Linke"
"372","Luiza Licina-Bode","BodeLuiza","1972","SPD"
"373","Thorsten Lieb","ThorstenLieb","1973","FDP"
"374","Anja Liebert","anja_liebert","1969","Grüne"
"375","Esra Limbacher","EsraLimbacher","1989","SPD"
"376","Helge Limburg","Helge_Limburg","1982","Grüne"
"377","Lars Lindemann","LFLindemann","1971","FDP"
"378","Helge Lindh","helgelindh","1976","SPD"
"379","Andrea Lindholz","AndreaLindholz","1970","CDU/CSU (CSU)"
"380","Christian Lindner","c_lindner","1979","FDP"
"381","Tobias Lindner","tobiaslindner","1982","Grüne"
"382","Michael Georg Link","michael_g_link","1963","FDP"
"383","Carsten Linnemann",,"1977","CDU/CSU (CDU)"
"384","Patricia Lips",,"1963","CDU/CSU (CDU)"
"385","Denise Loop","denise_loop","1994","Grüne"
"386","Bernhard Loos",,"1955","CDU/CSU (CSU)"
"387","Gesine Lötzsch","LoetzschMdB","1961","Linke"
"388","Rüdiger Lucassen","MdB_Lucassen","1951","AfD"
"389","Max Lucks","max_lucks","1997","Grüne"
"390","Jan-Marco Luczak","JM_Luczak","1975","CDU/CSU (CDU)"
"391","Daniela Ludwig","DaniLudwigMdB","1975","CDU/CSU (CSU)"
"392","Bettina Lugk","BettinaLugk","1982","SPD"
"393","Anna Lührmann","AnnaLuehrmann","1983","Grüne"
"394","Oliver Luksic","OlliLuksic","1979","FDP"
"395","Kristine Lütke","kristine_lutke","1982","FDP"
"396","Thomas Lutze","thlutze","1969","Linke"
"397","Emily Vontz","emilyvontz1","2000","SPD"
"398","Tanja Machalet","TMachalet","1974","SPD"
"399","Klaus Mack",,"1973","CDU/CSU (CDU)"
"400","Isabel Mackensen-Geis","IsabelMackensen","1986","SPD"
"401","Yvonne Magwas","YvonneMagwas","1979","CDU/CSU (CDU)"
"402","Erik von Malottki","EVMGreifswald","1986","SPD"
"403","Holger Mann","HolgerMannLE","1979","SPD"
"404","Till Mansmann","TillMansmann","1968","FDP"
"405","Kaweh Mansoori","El_KaWeh_","1988","SPD"
"406","Zanda Martens","ZandaMartens","1984","SPD"
"407","Dorothee Martin","Doro_Martin","1978","SPD"
"408","Parsa Marvi","ParsaMarvi","1982","SPD"
"409","Franziska Mascheck","f_mascheck","1979","SPD"
"410","Katja Mast","KatjaMast","1971","SPD"
"411","Andreas Mattfeldt","AMattfeldt","1969","CDU/CSU (CDU)"
"412","Stephan Mayer",,"1973","CDU/CSU (CSU)"
"413","Zoe Mayer","zoe_gruene","1995","Grüne"
"414","Volker Mayer-Lay","VMayer_Lay","1981","CDU/CSU (CDU)"
"415","Andreas Mehltretter","Mehli","1991","SPD"
"416","Takis Mehmet Ali","TakisMehmetAli","1991","SPD"
"417","Pascal Meiser","pascalmeiser","1975","Linke"
"418","Michael Meister","meister_schafft","1961","CDU/CSU (CDU)"
"419","Susanne Menge",,"1960","Grüne"
"420","Anikó Merten","AnikoMerten","1982","FDP"
"421","Friedrich Merz","_FriedrichMerz","1955","CDU/CSU (CDU)"
"422","Robin Mesarosch","mesarosch","1991","SPD"
"423","Jan Metzler","JanMetzler","1981","CDU/CSU (CDU)"
"424","Christoph Meyer","Meyer_FDP","1975","FDP"
"425","Rainer Rothfuß",,"1971","AfD"
"426","Swantje Michaelsen","SwantjeMichael1","1979","Grüne"
"427","Kathrin Michel","Kthrn_Mchl_SPD","1963","SPD"
"428","Mathias Middelberg",,"1964","CDU/CSU (CDU)"
"429","Matthias Miersch",,"1968","SPD"
"430","Matthias Mieves",,"1985","SPD"
"431","Irene Mihalic","IreneMihalic","1976","Grüne"
"432","Boris Mijatović","borismijatovic","1974","Grüne"
"433","Susanne Mittag",,"1958","SPD"
"434","Amira Mohamed Ali","Amira_M_Ali","1980","Linke"
"435","Cornelia Möhring","Conni_Moehring","1960","Linke"
"436","Alexander Bartz",,"1984","SPD"
"437","Claudia Moll","ClaudiaMollMdB","1968","SPD"
"438","Siemtje Möller","SiemtjeMdB","1983","SPD"
"439","Mike Moncsek","Mike_Moncsek","1964","AfD"
"440","Dietrich Monstadt","MdBMonstadt","1957","CDU/CSU (CDU)"
"441","Matthias Moosdorf","MMoosdorf","1965","AfD"
"442","Maximilian Mordhorst","maxmordhorst","1996","FDP"
"443","Maximilian Mörseburg","maxmoerseburg","1992","CDU/CSU (CDU)"
"444","Alexander Müller","alexmuellerfdp","1969","FDP"
"445","Axel Müller","cduaxelmueller","1963","CDU/CSU (CDU)"
"446","Bettina Müller","BetMueller","1959","SPD"
"447","Carsten Müller","MdbMuller","1970","CDU/CSU (CDU)"
"448","Claudia Müller","GruenClaudia","1981","Grüne"
"449","Detlef Müller","MuellerChemnitz","1964","SPD"
"450","Florian Müller","FlorianMM","1987","CDU/CSU (CDU)"
"451","Michael Müller",,"1964","SPD"
"452","Sascha Müller","SaschaMuller","1970","Grüne"
"453","Sepp Müller","mueller_sepp","1989","CDU/CSU (CDU)"
"454","Stefan Müller","smuellermdb","1975","CDU/CSU (CSU)"
"455","Beate Müller-Gemmeke","GrueneBeate","1960","Grüne"
"456","Frank Müller-Rosentritt","theliberalfrank","1982","FDP"
"457","Michelle Müntefering","Mi_Muentefering","1980","SPD"
"458","Sebastian Münzenmaier","S_Muenzenmaier","1989","AfD"
"459","Rolf Mützenich",,"1959","SPD"
"460","Stefan Nacke",,"1976","CDU/CSU (CDU)"
"461","Sara Nanni","SaraNanni","1987","Grüne"
"462","Rasha Nasr","rasha_nasr_","1992","SPD"
"463","Żaklin Nastić","ZaklinNastic","1980","Linke"
"464","Edgar Naujok","edgar_naujok","1960","AfD"
"465","Ingrid Nestle","Ingrid_Nestle","1977","Grüne"
"466","Ophelia Nick","OpheliaNick","1973","Grüne"
"467","Brian Nickholz","BrianNickholz","1989","SPD"
"468","Petra Nicolaisen",,"1965","CDU/CSU (CDU)"
"469","Dietmar Nietan",,"1964","SPD"
"470","Jan Nolte","Jan_Nolte_AfD","1988","AfD"
"471","Konstantin von Notz","KonstantinNotz","1971","Grüne"
"472","Omid Nouripour","nouripour","1975","Grüne"
"473","Jörg Nürnberger","joergnurnberger","1967","SPD"
"474","Lennard Oehl","lennardoehl","1993","SPD"
"475","Wilfried Oellers","WilfriedOellers","1975","CDU/CSU (CDU)"
"476","Moritz Oppelt","moritz_oppelt","1989","CDU/CSU (CDU)"
"477","Josephine Ortleb","josephineortleb","1986","SPD"
"478","Florian Oßner","Florian_Ossner","1980","CDU/CSU (CSU)"
"479","Josef Oster","josefoster","1971","CDU/CSU (CDU)"
"480","Henning Otte","HenningOtteMdB","1968","CDU/CSU (CDU)"
"481","Karoline Otte","karo_otte","1996","Grüne"
"482","Gerold Otten","Gerold_Otten","1955","AfD"
"483","Cem Özdemir","cem_oezdemir","1965","Grüne"
"484","Mahmut Özdemir","oezdemir_spd","1987","SPD"
"485","Aydan Özoğuz","oezoguz","1967","SPD"
"486","Julian Pahlke","J_Pahlke","1991","Grüne"
"487","Christos Pantazis","Dr_Pantazis","1975","SPD"
"488","Wiebke Papenbrock",,"1979","SPD"
"489","Mathias Papendieck","M_Papendieck","1982","SPD"
"490","Petra Pau","PetraPauMaHe","1963","Linke"
"491","Lisa Paus","lisapaus","1968","Grüne"
"492","Natalie Pawlik","natalie_pawlik","1992","SPD"
"493","Jens Peick","JensPeick","1981","SPD"
"494","Sören Pellmann","LINKEPELLI","1977","Linke"
"495","Victor Perli","victorperli","1982","Linke"
"496","Tobias Matthias Peterka","TobiasMPeterka","1982","AfD"
"497","Christian Petry","CPetryMdB","1965","SPD"
"498","Dirk-Ulrich Mende","DirkUlrichMende","1957","SPD"
"499","Paula Piechotta","PaulaPiechotta","1986","Grüne"
"500","Stephan Pilsinger","StephPilsinger","1987","CDU/CSU (CSU)"
"501","Jan Plobner","JanPlobner","1992","SPD"
"502","Christoph Ploß","christophploss","1985","CDU/CSU (CDU)"
"503","Martin Plum","MartinPlumMdB","1982","CDU/CSU (CDU)"
"504","Jürgen Pohl","Pohl_MdB","1964","AfD"
"505","Filiz Polat","filizgreen","1978","Grüne"
"506","Sabine Poschmann",,"1968","SPD"
"507","Achim Post","Achim_P","1959","SPD"
"508","Stephan Protschka","AfDProtschka","1977","AfD"
"509","Thomas Rachel","_ThomasRachel","1962","CDU/CSU (CDU)"
"510","Kerstin Radomski",,"1974","CDU/CSU (CDU)"
"511","Alexander Radwan","AlexanderRadwan","1964","CDU/CSU (CSU)"
"512","Claudia Raffelhüschen","CRaffelhueschen","1968","FDP"
"513","Alois Rainer","AloisRainer","1965","CDU/CSU (CSU)"
"514","Peter Ramsauer",,"1954","CDU/CSU (CSU)"
"515","Volker Redder","docredder","1959","FDP"
"516","Henning Rehbaum","HenningRehbaum","1973","CDU/CSU (CDU)"
"517","Martin Reichardt","M_Reichardt_AfD","1969","AfD"
"518","Markus Reichel","MarkusReichelDD","1968","CDU/CSU (CDU)"
"519","Heidi Reichinnek","HeidiReichinnek","1988","Linke"
"520","Anja Reinalter","AnjaReinalter","1970","Grüne"
"521","Hagen Reinhold","reinholdmdb","1978","FDP"
"522","Martin Renner","Renner_AfD","1954","AfD"
"523","Martina Renner","MartinaRenner","1967","Linke"
"524","Bernd Reuther","reuther_bernd","1971","FDP"
"525","Ye-One Rhie","YeOne_Rhie","1987","SPD"
"526","Josef Rief",,"1960","CDU/CSU (CDU)"
"527","Bernd Riexinger","b_riexinger","1955","Linke"
"528","Andreas Rimkus","Andreas_Rimkus","1962","SPD"
"529","Frank Rinck",,"1986","AfD"
"530","Sönke Rix","SoenkeRix","1975","SPD"
"531","Tabea Rößner","TabeaRoessner","1966","Grüne"
"532","Norbert Röttgen","n_roettgen","1965","CDU/CSU (CDU)"
"533","Thomas Röwekamp","TR_Bremen","1966","CDU/CSU (CDU)"
"534","Dennis Rohde","DennisRohde","1986","SPD"
"535","Lars Rohwer",,"1972","CDU/CSU (CDU)"
"536","Sebastian Roloff","SebRoloff","1983","SPD"
"537","Martin Rosemann","MartinRosemann","1976","SPD"
"538","Jessica Rosenthal","jessi_rosenthal","1992","SPD"
"539","Claudia Roth",,"1955","Grüne"
"540","Michael Roth","MiRo_SPD","1970","SPD"
"541","Manuela Rottmann","ManuelaRottman","1972","Grüne"
"542","Stefan Rouenhoff","StefanRouenhoff","1978","CDU/CSU (CDU)"
"543","Thorsten Rudolph","jethoru","1974","SPD"
"544","Tina Rudolph",,"1991","SPD"
"545","Erwin Rüddel","Erwin_Rueddel","1955","CDU/CSU (CDU)"
"546","Corinna Rüffer","crueffer","1975","Grüne"
"547","Bernd Rützel","ruetzelbernd","1968","SPD"
"548","Albert Rupprecht",,"1968","CDU/CSU (CSU)"
"549","Sarah Ryglewski","RyglewskiS","1983","SPD"
"550","Johann Saathoff","Johann_Saathoff","1967","SPD"
"551","Kassem Taher Saleh","kassem_ts","1993","Grüne"
"552","Catarina dos Santos Firnhaber","CatarinaDosSa","1994","CDU/CSU (CDU)"
"553","Nils Gründer","nilsgruender","1997","FDP"
"554","Christian Sauter","Chr_Sauter","1980","FDP"
"555","Axel Schäfer",,"1952","SPD"
"556","Ingo Schäfer","ingoschaeferspd","1965","SPD"
"557","Jamila Schäfer","jamila_anna","1993","Grüne"
"558","Sebastian Schäfer","sebastian_es_","1979","Grüne"
"559","Frank Schäffler","f_schaeffler","1968","FDP"
"560","Rebecca Schamber",,"1975","SPD"
"561","Bernd Schattner","Schattner_MdB","1968","AfD"
"562","Johannes Schätzl","SchaetzlJo","1993","SPD"
"563","Wolfgang Schäuble","Wolf_Schauble","1942","CDU/CSU (CDU)"
"564","Ulle Schauws","ulle_schauws","1966","Grüne"
"565","Nina Scheer","NinaScheer_SPD","1971","SPD"
"566","Christiane Schenderlein","schenderleinmdb","1981","CDU/CSU (CDU)"
"567","Andreas Scheuer","andreasscheuer","1974","CDU/CSU (CSU)"
"568","Marianne Schieder","m_schieder","1962","SPD"
"569","Udo Schiefner","UdoSchiefner","1959","SPD"
"570","Ulrike Schielke-Ziesing","ulschzi","1969","AfD"
"571","Peggy Schierenbeck",,"1970","SPD"
"572","Jana Schimke","JanaSchimke","1979","CDU/CSU (CDU)"
"573","Timo Schisanowski",,"1981","SPD"
"574","Christoph Schmid","kratermensch","1976","SPD"
"575","Nils Schmid","NilsSchmid","1973","SPD"
"576","Dagmar Schmidt","dieschmidt","1973","SPD"
"577","Eugen Schmidt",,"1975","AfD"
"578","Jan Schmidt",,"1991","AfD"
"579","Stefan Schmidt","Schmidt_MdB","1981","Grüne"
"580","Uwe Schmidt",,"1966","SPD"
"581","Carsten Schneider","schneidercar","1976","SPD"
"582","Daniel Schneider",,"1976","SPD"
"583","Jörg Schneider","Schneider_AfD","1964","AfD"
"584","Patrick Schnieder","PSchnieder","1968","CDU/CSU (CDU)"
"585","Nadine Schön","NadineSchoen","1983","CDU/CSU (CDU)"
"586","Marlene Schönberger","lime_green_leni","1990","Grüne"
"587","Olaf Scholz","OlafScholz","1958","SPD"
"588","Johannes Schraps","jschraps","1983","SPD"
"589","Christian Schreider",,"1971","SPD"
"590","Felix Schreiner","felixschreiner","1986","CDU/CSU (CDU)"
"591","Christina-Johanne Schröder","cj_schroeder","1983","Grüne"
"592","Ria Schröder","ria_schroeder","1992","FDP"
"593","Michael Schrodi","mischrodi","1977","SPD"
"594","Anja Schulz","_anja_schulz","1985","FDP"
"595","Uwe Schulz","Uwe_Schulz_AfD","1961","AfD"
"596","Kordula Schulz-Asche","K_SA","1956","Grüne"
"597","Svenja Schulze","SvenjaSchulze68","1968","SPD"
"598","Frank Schwabe","FrankSchwabe","1970","SPD"
"599","Stefan Schwartze","s_schwartze","1974","SPD"
"600","Andreas Schwarz","Schwarz_MdB","1965","SPD"
"601","Armin Schwarz","ArminSchwarz","1968","CDU/CSU (CDU)"
"602","Rita Schwarzelühr-Sutter","rischwasu","1962","SPD"
"603","Matthias Seestern-Pauly","mseesternpauly","1984","FDP"
"604","Stefan Seidler","stefan_seidler","1979","fraktionslos(SSW)"
"605","Detlef Seif",,"1962","CDU/CSU (CDU)"
"606","Stephan Seiter","StSeiter","1963","FDP"
"607","Thomas Seitz","Th_Seitz_AfD","1967","AfD"
"608","Lina Seitzl","Lina_Seitzl","1989","SPD"
"609","Melis Sekmen","Melis_S","1993","Grüne"
"610","Rainer Semet","RainerSemet","1957","FDP"
"611","Martin Sichert","Martin_Sichert","1980","AfD"
"612","Thomas Silberhorn","SilberhornMdB","1968","CDU/CSU (CSU)"
"613","Björn Simon","BjoernSimon","1981","CDU/CSU (CDU)"
"614","Petra Sitte","Petra_Sitte_MdB","1960","Linke"
"615","Judith Skudelny","JudithSkudelny","1975","FDP"
"616","Nyke Slawik","nyke_slawik","1994","Grüne"
"617","Tino Sorge","TinoSorge","1975","CDU/CSU (CDU)"
"618","Jens Spahn","jensspahn","1980","CDU/CSU (CDU)"
"619","Anne-Monika Spallek","AnneSpallek","1968","Grüne"
"620","Dirk Spaniel","DirkSpaniel","1971","AfD"
"621","Merle Spellerberg","spellerberg_m","1996","Grüne"
"622","René Springer","Rene_Springer","1979","AfD"
"623","Svenja Stadler","stadler_svenja","1976","SPD"
"624","Katrin Staffler","katrin_staffler","1981","CDU/CSU (CSU)"
"625","Nina Stahr","ninastahr","1982","Grüne"
"626","Martina Stamm-Fibich","stamm_fibich","1965","SPD"
"627","Bettina Stark-Watzinger","starkwatzinger","1968","FDP"
"628","Till Steffen","till_steffen","1973","Grüne"
"629","Wolfgang Stefinger","StefingerMdB","1985","CDU/CSU (CSU)"
"630","Albert Stegemann","StegemannAlbert","1976","CDU/CSU (CDU)"
"631","Ralf Stegner","Ralf_Stegner","1959","SPD"
"632","Mathias Stein","stonie_kiel","1970","SPD"
"633","Johannes Steiniger","JoSteiniger","1987","CDU/CSU (CDU)"
"634","Hanna Steinmüller","HanSteinmueller","1993","Grüne"
"635","Christian von Stetten","CvStetten","1970","CDU/CSU (CDU)"
"636","Nadja Sthamer","nadjasthamer","1990","SPD"
"637","Dieter Stier",,"1964","CDU/CSU (CDU)"
"638","Konrad Stockmeier","KonradStockmei1","1977","FDP"
"639","Klaus Stöber",,"1961","AfD"
"640","Diana Stöcker",,"1970","CDU/CSU (CDU)"
"641","Beatrix von Storch","Beatrix_vStorch","1971","AfD"
"642","Melanie Bernstein",,"1976","CDU/CSU (CDU)"
"643","Stephan Stracke",,"1974","CDU/CSU (CSU)"
"644","Marie-Agnes Strack-Zimmermann","MAStrackZi","1958","FDP"
"645","Benjamin Strasser","bstrasser","1987","FDP"
"646","Max Straubinger",,"1954","CDU/CSU (CSU)"
"647","Wolfgang Strengmann-Kuhn","W_SK","1964","Grüne"
"648","Christina Stumpp",,"1987","CDU/CSU (CDU)"
"649","Ruppert Stüwe","stuewer","1978","SPD"
"650","Jessica Tatti","jessica_tatti","1981","Linke"
"651","Claudia Tausend",,"1964","SPD"
"652","Hermann-Josef Tebroke",,"1964","CDU/CSU (CDU)"
"653","Awet Tesfaiesus","AwetTesfaiesus","1974","Grüne"
"654","Linda Teuteberg","LindaTeuteberg","1981","FDP"
"655","Jens Teutrine","jensteutrine","1993","FDP"
"656","Michael Theurer","EUTheurer","1967","FDP"
"657","Michael Thews","michael_thews","1964","SPD"
"658","Hans-Jürgen Thies",,"1955","CDU/CSU (CDU)"
"659","Stephan Thomae","StephanThomae","1968","FDP"
"660","Alexander Throm","alexander_throm","1968","CDU/CSU (CDU)"
"661","Antje Tillmann","AntjeTillmann","1964","CDU/CSU (CDU)"
"662","Astrid Timmermann-Fechter",,"1963","CDU/CSU (CDU)"
"663","Nico Tippelt","NicoTippelt","1967","FDP"
"664","Manfred Todtenhausen","MTodtenhausen","1950","FDP"
"665","Florian Toncar","CarstenTraeger","1979","FDP"
"666","Markus Töns","Toens_NRW04","1964","SPD"
"667","Carsten Träger","CarstenTraeger","1973","SPD"
"668","Jürgen Trittin","JTrittin","1954","Grüne"
"669","Anja Troff-Schaffarzyk","anja_troff","1973","SPD"
"670","Derya Türk-Nachbaur","derya_tn","1973","SPD"
"671","Markus Uhl","uhl_markus","1979","CDU/CSU (CDU)"
"672","Katrin Uhlig","katrinuhligbn","1982","Grüne"
"673","Andrew Ullmann","UllmannMdB","1963","FDP"
"674","Frank Ullrich",,"1958","SPD"
"675","Gerald Ullrich","G_UllrichFDP","1962","FDP"
"676","Volker Ullrich","VolkerUllrich","1975","CDU/CSU (CSU)"
"677","Alexander Ulrich",,"1971","Linke"
"678","Julia Verlinden","julia_verlinden","1979","Grüne"
"679","Kerstin Vieregge","Kerstin_4egge","1976","CDU/CSU (CDU)"
"680","Johannes Vogel","johannesvogel","1982","FDP"
"681","Kathrin Vogler","voglerk","1963","Linke"
"682","Oliver Vogt",,"1977","CDU/CSU (CDU)"
"683","Marja-Liisa Völlers","MarjaVoellers","1984","SPD"
"684","Dirk Vöpel","VoepelDirk","1971","SPD"
"685","Christoph de Vries","VriesChristoph","1974","CDU/CSU (CDU)"
"686","Johann Wadephul","JoWadephul","1963","CDU/CSU (CDU)"
"687","Niklas Wagener","WagenerNiklas","1998","Grüne"
"688","Robin Wagener","robinwagener","1980","Grüne"
"689","Sahra Wagenknecht","SWagenknecht","1969","Linke"
"690","Carolin Wagner",,"1982","SPD"
"691","Johannes Wagner","yooHannes","1991","Grüne"
"692","Maja Wallstein","Krawallstein","1986","SPD"
"693","Hannes Walter",,"1984","SPD"
"694","Beate Walter-Rosenheimer","TeamBeate","1964","Grüne"
"695","Marco Wanderwitz","wanderwitz","1975","CDU/CSU (CDU)"
"696","Nina Warken","ninawarken","1979","CDU/CSU (CDU)"
"697","Sandra Weeser","sandra_weeser","1969","FDP"
"698","Carmen Wegge","CarmenWegge","1989","SPD"
"699","Melanie Wegling",,"1990","SPD"
"700","Alice Weidel","Alice_Weidel","1979","AfD"
"701","Joe Weingarten","DrJoeWeingarten","1962","SPD"
"702","Anja Weisgerber","anjaweisgerber","1976","CDU/CSU (CSU)"
"703","Saskia Weishaupt","SaskiaLeaRaquel","1993","Grüne"
"704","Maria-Lena Weiss","MariaLenaWeiss","1981","CDU/CSU (CDU)"
"705","Sabine Weiss",,"1958","CDU/CSU (CDU)"
"706","Stefan Wenzel","StefWenzel","1962","Grüne"
"707","Lena Werner","thereallenzii","1994","SPD"
"708","Nicole Westig","NicoleWestig","1967","FDP"
"709","Bernd Westphal","BerndWestphal4","1960","SPD"
"710","Harald Weyel","h_weyel","1959","AfD"
"711","Kai Whittaker","Kai_Whittaker","1985","CDU/CSU (CDU)"
"712","Annette Widmann-Mauz","AWidmannMauz","1966","CDU/CSU (CDU)"
"713","Wolfgang Wiehle","WolfgangWiehle","1964","AfD"
"714","Klaus Wiener","KlausWiener","1962","CDU/CSU (CDU)"
"715","Dirk Wiese","DirkWieseSPD","1983","SPD"
"716","Klaus-Peter Willsch",,"1961","CDU/CSU (CDU)"
"717","Elisabeth Winkelmeier-Becker","ElisabethWinke4","1962","CDU/CSU (CDU)"
"718","Tobias Winkler","TobiasWINKLER_","1978","CDU/CSU (CSU)"
"719","Tina Winklmann","TinaWinklmann","1980","Grüne"
"720","Christian Wirth","ChrWirthMdB","1963","AfD"
"721","Volker Wissing","Wissing","1970","FDP"
"722","Janine Wissler","Janine_Wissler","1981","Linke"
"723","Uwe Witt","Witt_Uwe","1959","fraktionslos (Zentrum)"
"724","Mechthilde Wittmann",,"1967","CDU/CSU (CSU)"
"725","Herbert Wollmann",,"1951","SPD"
"726","Mareike Wulf","MareikeWulf","1979","CDU/CSU (CDU)"
"727","Joachim Wundrak","JoachimWundrak","1955","AfD"
"728","Gülistan Yüksel",,"1962","SPD"
"729","Emmi Zeulner",,"1987","CDU/CSU (CSU)"
"730","Kay-Uwe Ziegler","KayUweZiegler71","1963","AfD"
"731","Paul Ziemiak","PaulZiemiak","1985","CDU/CSU (CDU)"
"732","Stefan Zierke","zierke","1970","SPD"
"733","Jens Zimmermann","JensZSPD","1981","SPD"
"734","Nicolas Zippelius","NZippelius","1987","CDU/CSU (CDU)"
"735","Armand Zorn","ArmandZorn","1988","SPD"
"736","Katrin Zschau",,"1976","SPD"
